objectname,objectid,rating,numplays,weight,own,fortrade,want,wanttobuy,wanttoplay,prevowned,preordered,wishlist,wishlistpriority,wishlistcomment,comment,conditiontext,haspartslist,wantpartslist,collid,baverage,average,avgweight,rank,numowned,objecttype,originalname,minplayers,maxplayers,playingtime,maxplaytime,minplaytime,yearpublished,bggrecplayers,bggbestplayers,bggrecagerange,bgglanguagedependence,publisherid,imageid,year,language,other,itemtype,barcode,pricepaid,pp_currency,currvalue,cv_currency,acquisitiondate,acquiredfrom,quantity,privatecomment,invlocation,invdate,version_publishers,version_languages,version_yearpublished,version_nickname
"7 Wonders","68448","8.5","0","0","1","0","0","0","0","0","0","0","3","","","","","","112726075","7.5623","7.67384","2.3166","104","147989","thing","7 Wonders","2","7","30","30","30","2010","3,4,5,6,7","4,5","10+","No necessary in-game text","","","","","","standalone","","","","","","","","","","","","","","",""
"7 Wonders Duel","173346","8.5","0","0","1","0","0","0","0","0","0","0","3","","","","","","112725966","7.96582","8.08964","2.2247","20","169164","thing","7 Wonders Duel","2","2","30","30","30","2015","2","2","10+","No necessary in-game text","","","","","","standalone","","","","","","","","","","","","","","",""
"7 Wonders: Leaders","92539","0","0","0","1","0","0","0","0","0","0","0","3","","","","","","112751504","7.4799","7.81961","2.2753","0","36391","thing","7 Wonders: Leaders","2","7","40","40","40","2011","3,4,5,6,7","4,5","10+","No necessary in-game text","","","","","","expansion","","","","","","","","","","","","","","",""
"Adrenaline","202408","0","0","0","1","0","0","0","0","0","0","0","3","","","","","","112726783","6.60636","6.98834","2.3725","1032","9071","thing","Adrenaline","3","5","60","60","30","2016","3,4,5","4,5","10+","No necessary in-game text","","","","","","standalone","","","","","","","","","","","","","","",""
"Agricola","31260","0","0","0","1","0","0","0","0","0","0","0","3","","","","","","112751325","7.73862","7.86761","3.6353","58","87619","thing","Agricola","1","5","150","150","30","2007","1,2,3,4,5","3,4","12+","Extensive use of text - massive conversion needed to be playable","","","","","","standalone","","","","","","","","","","","","","","",""
"Agricola (Revised Edition)","200680","0","0","0","1","0","0","0","0","0","0","0","3","","","","","","112726062","7.64076","7.95007","3.4467","81","26714","thing","Agricola (Revised Edition)","1","4","120","120","30","2016","1,2,3,4","3,4","12+","Extensive use of text - massive conversion needed to be playable","","","","","","standalone","","","","","","","","","","","","","","",""
"Alchemists","161970","0","0","0","1","0","0","0","0","0","0","0","3","","","","","","112726161","7.40383","7.63832","3.9212","171","31986","thing","Alchemists","2","4","120","120","120","2014","2,3,4","4","12+","Moderate in-game text - needs crib sheet or paste ups","","","","","","standalone","","","","","","","","","","","","","","",""
"Altiplano","234487","0","0","0","1","0","0","0","0","0","0","0","3","","","","","","113242016","7.0462","7.44748","3.2866","432","12527","thing","Altiplano","2","5","120","120","60","2017","2,3,4","3","12+","No necessary in-game text","","","","","","standalone","","","","","","","","","","","","","","",""
"Anachrony","185343","0","0","0","1","0","0","0","0","0","0","0","3","","","","","","113241852","7.74617","8.06048","4.0073","53","25117","thing","Anachrony","1","4","120","120","30","2017","1,2,3,4","3","14+","No necessary in-game text","","","","","","standalone","","","","","","","","","","","","","","",""
"Apiary","400314","0","0","0","1","0","0","0","0","0","0","0","3","","","","","","120344156","7.1642","7.78834","2.9688","324","11478","thing","Apiary","1","5","90","90","60","2023","1,2,3,4,5","3","12+","Moderate in-game text - needs crib sheet or paste ups","","","","","","standalone","","","","","","","","","","","","","","",""
"Arbra Kadabra","244150","0","0","0","1","0","0","0","0","0","0","0","3","","","","","","112760341","5.50915","6.25","1.3333","21030","106","thing","Arbra Kadabra","2","4","20","20","10","2018","3,4","4","4–10","","","","","","","standalone","","","","","","","","","","","","","","",""
"Ark Nova","342942","9","0","0","1","0","0","0","0","0","0","0","3","","","","","","113241839","8.3445","8.53528","3.7788","3","74361","thing","Ark Nova","1","4","150","150","90","2021","1,2,3","2","12+","Extensive use of text - massive conversion needed to be playable","","","","","","standalone","","","","","","","","","","","","","","",""
"Ark Nova: Marine Worlds","368966","0","0","0","1","0","0","0","0","0","0","0","3","","","","","","113241896","7.85715","8.91913","3.819","0","21269","thing","Ark Nova: Marine Worlds","1","4","150","150","90","2023","1,2,3,4","2","12+","Extensive use of text - massive conversion needed to be playable","","","","","","expansion","","","","","","","","","","","","","","",""
"Autobahn","348554","0","0","0","1","0","0","0","0","0","0","0","3","","","","","","113242010","6.15572","7.05566","3.8053","2269","3620","thing","Autobahn","1","4","150","150","90","2022","1,2,3,4","3","12+","No necessary in-game text","","","","","","standalone","","","","","","","","","","","","","","",""
"Azul","230802","9","0","0","1","0","0","0","0","0","0","0","3","","","","","","112726056","7.62382","7.73358","1.7704","84","161636","thing","Azul","2","4","45","45","30","2017","2,3,4","2","8+","No necessary in-game text","","","","","","standalone","","","","","","","","","","","","","","",""
"Bad Company","340677","6.5","1","0","1","0","0","0","0","0","0","0","3","","","","","","120344170","6.50252","7.26745","1.9167","1241","4566","thing","Bad Company","1","6","30","30","30","2021","1,2,3,4,5,6","3,4","8+","No necessary in-game text","","","","","","standalone","","","","","","","","","","","","","","",""
"Bamboo","351538","0","0","0","1","0","0","0","0","0","0","0","3","","","","","","120344192","6.20452","7.15457","2.8889","2086","4274","thing","Bamboo","2","4","110","110","90","2023","2,3,4","3","12+","No necessary in-game text","","","","","","standalone","","","","","","","","","","","","","","",""
"Bardwood Grove","344925","0","0","0","1","0","0","0","0","0","0","0","3","","","","","","120344300","5.79919","7.39207","3.3077","4523","1550","thing","Bardwood Grove","1","4","90","90","60","2024","1,2,3","2","12+","Some necessary text - easily memorized or small crib sheet","","","","","","standalone","","","","","","","","","","","","","","",""
"Bardwood Grove: Spirits of the Grove","418853","0","0","0","1","0","0","0","0","0","0","0","3","","","","","","123203459","5.52696","7.47941","0","0","753","thing","Bardwood Grove: Spirits of the Grove","1","5","90","90","90","2024","","","","","","","","","","expansion","","","","","","","","","","","","","","",""
"Barrage","251247","0","0","0","1","0","0","0","0","0","0","0","3","","","","","","113241886","7.84553","8.15515","4.1157","36","23630","thing","Barrage","1","4","120","120","60","2019","2,3,4","4","14+","No necessary in-game text","","","","","","standalone","","","","","","","","","","","","","","",""
"Beez","299592","5","0","0","1","0","0","0","0","0","0","0","3","","","","","","112728160","6.03929","6.71131","1.7593","2804","4557","thing","Beez","2","4","45","45","30","2020","2,3,4","3,4","8+","Some necessary text - easily memorized or small crib sheet","","","","","","standalone","","","","","","","","","","","","","","",""
"Benevolent","370835","5","0","0","1","0","0","0","0","0","0","0","3","","Fast game but super repetitive.... will probably not play again","","","","113242031","5.52588","6.95217","2","16429","49","thing","Benevolent","2","4","30","30","20","2022","3,4","3,4","8+","","","","","","","standalone","","","","","","","","","","","","","","",""
"Beyond the Sun","317985","0","0","0","1","0","0","0","0","0","0","0","3","","","","","","113241863","7.57705","7.89063","3.1328","97","18126","thing","Beyond the Sun","2","4","120","120","60","2020","2,3,4","3","12+","Moderate in-game text - needs crib sheet or paste ups","","","","","","standalone","","","","","","","","","","","","","","",""
"Blokus","2453","0","0","0","1","0","0","0","0","0","0","0","3","","","","","","112726697","6.71227","6.86029","1.7395","854","41268","thing","Blokus","2","4","20","20","20","2000","2,4","4","6+","No necessary in-game text","","","","","","standalone","","","","","","","","","","","","","","",""
"Brass: Birmingham","224517","9.3","4","0","1","0","0","0","0","0","0","0","3","","","","","","113692999","8.40452","8.58042","3.8706","1","71957","thing","Brass: Birmingham","2","4","120","120","60","2018","2,3,4","3,4","14+","No necessary in-game text","","","","","","standalone","","","","","","","","","","","","","","",""
"Bunny Kingdom","184921","5","0","0","1","0","0","0","0","0","0","0","3","","","","","","112726338","7.11452","7.41874","2.2993","363","20015","thing","Bunny Kingdom","2","4","60","60","40","2017","2,3,4","4","10+","Moderate in-game text - needs crib sheet or paste ups","","","","","","standalone","","","","","","","","","","","","","","",""
"Camel Up","153938","8","0","0","1","0","0","0","0","0","0","0","3","","","","","","112726481","6.88573","7.03568","1.5042","611","36065","thing","Camel Up","2","8","30","30","20","2014","3,4,5,6,7","4,5","8+","No necessary in-game text","","","","","","standalone","","","","","","","","","","","","","","",""
"Camel Up (Second Edition)","260605","0","0","0","1","0","0","0","0","0","0","0","3","","","","","","112726276","7.25088","7.56864","1.5064","259","25666","thing","Camel Up (Second Edition)","3","8","45","45","30","2018","3,4,5,6,7,8","5,6","8+","No necessary in-game text","","","","","","standalone","","","","","","","","","","","","","","",""
"Captain Sonar","171131","7.5","0","0","1","0","0","0","0","0","0","0","3","","","","","","112726178","7.29851","7.5105","2.1985","229","31745","thing","Captain Sonar","2","8","60","60","45","2016","6,7,8","8","12+","No necessary in-game text","","","","","","standalone","","","","","","","","","","","","","","",""
"Carcassonne","822","6","0","0","1","0","0","0","0","0","0","0","3","","","","","","112726260","7.29772","7.4125","1.8893","230","207204","thing","Carcassonne","2","5","45","45","30","2000","2,3,4,5","2","8+","No necessary in-game text","","","","","","standalone","","","","","","","","","","","","","","",""
"Cascadia","295947","8","0","0","1","0","0","0","0","0","0","0","3","","","","","","112726007","7.75473","7.92233","1.8593","50","76479","thing","Cascadia","1","4","45","45","30","2021","1,2,3,4","2,3","8+","Some necessary text - easily memorized or small crib sheet","","","","","","standalone","","","","","","","","","","","","","","",""
"Cat in the Box: Deluxe Edition","345972","0","0","0","1","0","0","0","0","0","0","0","3","","","","","","116155900","7.12701","7.49797","2.0479","347","20640","thing","Cat in the Box: Deluxe Edition","2","5","40","40","20","2022","3,4,5","4","10+","No necessary in-game text","","","","","","standalone","","","","","","","","","","","","","","",""
"CATAN","13","6","0","0","1","0","0","0","0","0","0","0","3","","","","","","112726470","6.91469","7.09466","2.2878","574","220492","thing","CATAN","3","4","120","120","60","1995","3,4","4","8+","Some necessary text - easily memorized or small crib sheet","","","","","","standalone","","","","","","","","","","","","","","",""
"Catan: Junior","125921","0","0","0","1","0","0","0","0","0","0","0","3","","","","","","119154340","6.13269","6.59308","1.4921","2364","9181","thing","Catan: Junior","2","4","30","30","30","2011","2,3,4","4","5+","No necessary in-game text","","","","","","standalone","","","","","","","","","","","","","","",""
"Celestia","175117","0","0","0","1","0","0","0","0","0","0","0","3","","","","","","112726710","6.67362","6.93092","1.3227","919","16306","thing","Celestia","2","6","30","30","30","2015","3,4,5,6","5,6","6+","No necessary in-game text","","","","","","standalone","","","","","","","","","","","","","","",""
"Century: Golem Edition","232832","0","0","0","1","0","0","0","0","0","0","0","3","","","","","","112726264","7.24019","7.5859","1.7015","264","20098","thing","Century: Golem Edition","2","5","45","45","30","2017","2,3,4,5","3,4","8+","No necessary in-game text","","","","","","standalone","","","","","","","","","","","","","","",""
"Century: Golem Edition – An Endless World","312318","0","0","0","1","0","0","0","0","0","0","0","3","","","","","","112727266","6.34532","7.52295","2.1333","1624","5178","thing","Century: Golem Edition – An Endless World","2","4","45","45","30","2020","2,3,4","3","8+","No necessary in-game text","","","","","","standalone","","","","","","","","","","","","","","",""
"Century: Spice Road","209685","7.5","0","0","1","0","0","0","0","0","0","0","3","","","","","","112726332","7.11576","7.2986","1.8031","361","33746","thing","Century: Spice Road","2","5","45","45","30","2017","2,3,4,5","3,4","8+","No necessary in-game text","","","","","","standalone","","","","","","","","","","","","","","",""
"Challengers!","359970","0","0","0","1","0","0","0","0","0","0","0","3","","","","","","112726933","6.65","7.09415","1.7913","967","8956","thing","Challengers!","1","8","45","45","45","2022","2,4,6,8","4,6,8","8+","Moderate in-game text - needs crib sheet or paste ups","","","","","","standalone","","","","","","","","","","","","","","",""
"Charterstone","197376","0","0","0","1","0","0","0","0","0","0","0","3","","","","","","112759939","6.91494","7.19611","2.8516","573","26439","thing","Charterstone","1","6","75","75","45","2017","2,3,4,5,6","6","10+","Extensive use of text - massive conversion needed to be playable","","","","","","standalone","","","","","","","","","","","","","","",""
"Chess","171","0","0","0","1","0","0","0","0","0","0","0","3","","","","","","112726415","7.02565","7.22496","3.6546","446","56604","thing","Chess","2","2","0","0","0","1475","2","2","6+","No necessary in-game text","","","","","","standalone","","","","","","","","","","","","","","",""
"Chinatown","47","7.5","0","0","1","0","0","0","0","0","0","0","3","","","","","","112726343","7.10758","7.43561","2.2372","372","14641","thing","Chinatown","3","5","60","60","60","1999","4,5","5","10+","No necessary in-game text","","","","","","standalone","","","","","","","","","","","","","","",""
"Chronicles of Crime","239188","0","0","0","1","0","0","0","0","0","0","0","3","","","","","","112726272","7.18522","7.56254","2.0579","299","39224","thing","Chronicles of Crime","1","4","90","90","60","2018","1,2,3","2","12+","Extensive use of text - massive conversion needed to be playable","","","","","","standalone","","","","","","","","","","","","","","",""
"CloudAge","316858","0","0","0","1","0","0","0","0","0","0","0","3","","","","","","123203466","6.40492","7.20241","2.8421","1482","5850","thing","CloudAge","1","4","100","100","60","2020","1,2,3,4","3","12+","Moderate in-game text - needs crib sheet or paste ups","","","","","","standalone","","","","","","","","","","","","","","",""
"Codenames","178900","7.5","0","0","1","0","0","0","0","0","0","0","3","","","","","","112726154","7.44078","7.5356","1.2584","152","164832","thing","Codenames","2","8","15","15","15","2015","4,5,6,7,8","6,8","10+","Unplayable in another language","","","","","","standalone","","","","","","","","","","","","","","",""
"Codex Naturalis","314503","0","0","0","1","0","0","0","0","0","0","0","3","","","","","","112726873","6.66464","7.22804","1.7419","941","10478","thing","Codex Naturalis","1","4","30","30","20","2021","2,3,4","2,3","8+","No necessary in-game text","","","","","","standalone","","","","","","","","","","","","","","",""
"Coffee Rush","377061","0","0","0","1","0","0","0","0","0","0","0","3","","","","","","123203479","6.29621","7.16369","1.7927","1760","6045","thing","Coffee Rush","2","4","30","30","30","2023","2,3,4","3","8+","No necessary in-game text","","","","","","standalone","","","","","","","","","","","","","","",""
"Colt Express","158899","0","0","0","1","0","0","0","0","0","0","0","3","","","","","","112726423","6.95349","7.09546","1.8352","530","48346","thing","Colt Express","2","6","40","40","40","2014","3,4,5,6","5,6","8+","No necessary in-game text","","","","","","standalone","","","","","","","","","","","","","","",""
"Concept","147151","0","0","0","1","0","0","0","0","0","0","0","3","","","","","","112760197","6.59533","6.75221","1.3834","1053","35026","thing","Concept","4","12","40","40","40","2013","3,4,5,6,7,8,9,10,11,12","6","10+","Extensive use of text - massive conversion needed to be playable","","","","","","standalone","","","","","","","","","","","","","","",""
"Cuba","30380","7.3","0","0","1","0","0","0","0","0","0","0","3","","","","","","112726568","6.75794","7.12167","3.2632","779","9098","thing","Cuba","2","5","120","120","75","2007","2,3,4,5","4","12+","Some necessary text - easily memorized or small crib sheet","","","","","","standalone","","","","","","","","","","","","","","",""
"Decrypto","225694","0","0","0","1","0","0","0","0","0","0","0","3","","","","","","112726077","7.54449","7.76786","1.828","109","40364","thing","Decrypto","3","8","45","45","15","2018","4,5,6,7,8","4,6","10+","Unplayable in another language","","","","","","standalone","","","","","","","","","","","","","","",""
"Detective: A Modern Crime Board Game","223321","0","0","0","1","0","0","0","0","0","0","0","3","","","","","","112726268","7.19143","7.63215","2.75","295","23482","thing","Detective: A Modern Crime Board Game","1","5","180","180","120","2018","1,2,3,4","2","16+","Extensive use of text - massive conversion needed to be playable","","","","","","standalone","","","","","","","","","","","","","","",""
"Dice Forge","194594","8.5","0","0","1","0","0","0","0","0","0","0","3","","","","","","116155941","7.01701","7.2229","1.9688","454","36259","thing","Dice Forge","2","4","45","45","45","2017","2,3,4","4","8+","No necessary in-game text","","","","","","standalone","","","","","","","","","","","","","","",""
"Dice Hospital","218121","7","1","0","1","0","0","0","0","0","0","0","3","","","","","","120344252","6.69198","7.1099","2.2993","887","10364","thing","Dice Hospital","1","4","90","90","45","2018","1,2,3,4","3","10+","Some necessary text - easily memorized or small crib sheet","","","","","","standalone","","","","","","","","","","","","","","",""
"Dinner in Paris","320819","6.5","0","0","1","0","0","0","0","0","0","0","3","","realy nice board with great piece. But the cocept in the middle of the board its a anoying and lack of quality compare torest of the board game","","","","112729210","5.89468","6.762","2.1818","3697","1883","thing","Dinner in Paris","2","4","60","60","40","2020","2,3,4","2","8+","Some necessary text - easily memorized or small crib sheet","","","","","","standalone","","","","","","","","","","","","","","",""
"Disney Lorcana","369646","0","0","0","1","0","0","0","0","0","0","0","3","","","","","","122105728","6.43246","7.28336","2.0794","1401","5623","thing","Disney Lorcana","2","6","0","0","0","2023","2","2","8+","Moderate in-game text - needs crib sheet or paste ups","","","","","","standalone","","","","","","","","","","","","","","",""
"Disney Villainous: The Worst Takes it All","256382","7","0","0","1","0","0","0","0","0","0","0","3","","","","","","112726642","6.70301","6.9357","2.4857","870","50111","thing","Disney Villainous: The Worst Takes it All","2","6","120","120","45","2018","2,3,4","3","10+","Extensive use of text - massive conversion needed to be playable","","","","","","standalone","","","","","","","","","","","","","","",""
"Distilled","295895","0","0","0","1","0","0","0","0","0","0","0","3","","","","","","113694332","7.1789","7.80188","2.9965","308","11981","thing","Distilled","1","5","150","150","30","2023","1,2,3,4","3","12+","Moderate in-game text - needs crib sheet or paste ups","","","","","","standalone","","","","","","","","","","","","","","",""
"Dixit","39856","0","0","0","1","0","0","0","0","0","0","0","3","","","","","","112726347","7.07844","7.19235","1.1945","400","100518","thing","Dixit","3","8","30","30","30","2008","4,5,6,7,8","5,6","8+","No necessary in-game text","","","","","","standalone","","","","","","","","","","","","","","",""
"Dixit: Journey","121288","8","0","0","1","0","0","0","0","0","0","0","3","","One of the best Game i bring when i want to play an easy game with the entire family","","","","112726622","6.74295","7.39169","1.2576","804","8592","thing","Dixit: Journey","3","6","30","30","30","2012","4,5,6","5,6","10+","No necessary in-game text","","","","","","standalone","","","","","","","","","","","","","","",""
"Dixit: Odyssey","92828","0","0","0","1","0","0","0","0","0","0","0","3","","","","","","112726292","7.16105","7.39231","1.1664","326","32713","thing","Dixit: Odyssey","3","12","30","30","30","2011","4,5,6,7,8,9,10,11,12","6","8+","No necessary in-game text","","","","","","standalone","","","","","","","","","","","","","","",""
"Djinn","384150","0","0","0","1","0","0","0","0","0","0","0","3","","","","","","123203469","5.93602","7.29447","2.9091","3416","1475","thing","Djinn","1","4","90","90","60","2023","1,2,3,4","3","10+","Some necessary text - easily memorized or small crib sheet","","","","","","standalone","","","","","","","","","","","","","","",""
"Dominion","36218","0","0","0","1","0","0","0","0","0","0","0","3","","","","","","117670759","7.47807","7.59763","2.3459","138","124913","thing","Dominion","2","4","30","30","30","2008","2,3,4","3","10+","Moderate in-game text - needs crib sheet or paste ups","","","","","","standalone","","","","","","","","","","","","","","",""
"DropMix","237087","0","0","0","1","0","0","0","0","0","0","0","3","","","","","","112728387","5.95807","6.67422","1.3182","3253","3713","thing","DropMix","1","6","30","30","15","2017","1,2,3,4","2","6+","Some necessary text - easily memorized or small crib sheet","","","","","","standalone","","","","","","","","","","","","","","",""
"Dune: Imperium","316554","8.3","0","0","1","0","0","0","0","0","0","0","3","","","","","","112725949","8.22603","8.42397","3.0599","6","69567","thing","Dune: Imperium","1","4","120","120","60","2020","1,2,3,4","3,4","12+","Moderate in-game text - needs crib sheet or paste ups","","","","","","standalone","","","","","","","","","","","","","","",""
"Dune: War for Arrakis","367150","0","0","0","1","0","0","0","0","0","0","0","3","","","","","","119016199","6.99447","8.53012","3.5847","478","6194","thing","Dune: War for Arrakis","1","4","120","120","120","2024","2,4","2","12+","Moderate in-game text - needs crib sheet or paste ups","","","","","","standalone","","","","","","","","","","","","","","",""
"Dune: War for Arrakis –  The Spacing Guild","370796","0","0","0","1","0","0","0","0","0","0","0","3","","","","","","123203440","5.70106","8.4803","0","0","2568","thing","Dune: War for Arrakis –  The Spacing Guild","2","4","120","120","120","2024","","","","","","","","","","expansion","","","","","","","","","","","","","","",""
"Ekö","177197","0","0","0","1","0","0","0","0","0","0","0","3","","","","","","112729255","5.90309","6.76779","2.6111","3648","2004","thing","Ekö","2","4","60","60","30","2015","2,3,4","2","10+","No necessary in-game text","","","","","","standalone","","","","","","","","","","","","","","",""
"Endless Winter: Paleoamericans","305096","0","0","0","1","0","0","0","0","0","0","0","3","","","","","","120344104","7.19422","7.68017","3.3164","291","16765","thing","Endless Winter: Paleoamericans","1","4","120","120","60","2022","1,2,3,4","3","12+","No necessary in-game text","","","","","","standalone","","","","","","","","","","","","","","",""
"Equinox","329450","0","0","0","1","0","0","0","0","0","0","0","3","","","","","","112728198","6.06521","6.71552","2.0612","2676","4530","thing","Equinox","2","5","60","60","40","2021","2,3,4","3","10+","No necessary in-game text","","","","","","standalone","","","","","","","","","","","","","","",""
"Escape Room: The Game","204836","0","0","0","1","0","0","0","0","0","0","0","3","","","","","","112726996","6.40564","6.8892","2.2321","1481","9579","thing","Escape Room: The Game","3","5","60","60","60","2016","1,2,3,4","3","12+","Unplayable in another language","","","","","","standalone","","","","","","","","","","","","","","",""
"Evacuation","382843","0","0","0","1","0","0","0","0","0","0","0","3","","","","","","123203431","6.65582","7.58519","3.9803","956","5691","thing","Evacuation","1","4","150","150","60","2023","1,2,3,4","2,3","14+","Some necessary text - easily memorized or small crib sheet","","","","","","standalone","","","","","","","","","","","","","","",""
"Everdell","199792","8.5","0","0","1","0","0","0","0","0","0","0","3","","","","","","112725993","7.83096","8.00721","2.8236","38","92210","thing","Everdell","1","4","80","80","40","2018","1,2,3,4","3","10+","Extensive use of text - massive conversion needed to be playable","","","","","","standalone","","","","","","","","","","","","","","",""
"Everdell: Bellfaire","289057","0","0","0","1","0","0","0","0","0","0","0","3","","","","","","120344137","7.14521","8.02776","2.6984","0","18947","thing","Everdell: Bellfaire","1","6","120","120","40","2019","1,2,3,4","4","12+","Some necessary text - easily memorized or small crib sheet","","","","","","expansion","","","","","","","","","","","","","","",""
"Everdell: Mistwood","332397","0","0","0","1","0","0","0","0","0","0","0","3","","","","","","120344134","6.16597","8.0482","2.9286","0","7436","thing","Everdell: Mistwood","1","4","100","100","40","2022","1,2","1","10+","Extensive use of text - massive conversion needed to be playable","","","","","","expansion","","","","","","","","","","","","","","",""
"Evolution","155703","0","0","0","1","0","0","0","0","0","0","0","3","","","","","","112751488","6.8102","7.02583","2.4299","706","24232","thing","Evolution","2","6","60","60","60","2014","2,3,4,5,6","4","10+","Moderate in-game text - needs crib sheet or paste ups","","","","","","standalone","","","","","","","","","","","","","","",""
"Exit: The Game – Dead Man on the Orient Express","226522","0","0","0","1","0","0","0","0","0","0","0","3","","","","","","112726425","6.92812","7.54582","2.6977","561","10420","thing","Exit: The Game – Dead Man on the Orient Express","1","4","120","120","60","2017","1,2,3,4","2","12+","Unplayable in another language","","","","","","standalone","","","","","","","","","","","","","","",""
"Exit: The Game – The Abandoned Cabin","203420","0","0","0","1","0","0","0","0","0","0","0","3","","","","","","112726335","7.09822","7.4166","2.5351","378","16949","thing","Exit: The Game – The Abandoned Cabin","1","6","120","120","60","2016","1,2,3,4","2","12+","Unplayable in another language","","","","","","standalone","","","","","","","","","","","","","","",""
"Exit: The Game – The Pharaoh's Tomb","203416","0","0","0","1","0","0","0","0","0","0","0","3","","","","","","112726628","6.74067","7.14009","2.7558","809","12248","thing","Exit: The Game – The Pharaoh's Tomb","1","6","90","90","45","2016","1,2,3,4","2","12+","Unplayable in another language","","","","","","standalone","","","","","","","","","","","","","","",""
"Exit: The Game – The Secret Lab","203417","0","0","0","1","0","0","0","0","0","0","0","3","","","","","","112726704","6.68544","7.05175","2.5287","898","12267","thing","Exit: The Game – The Secret Lab","1","6","150","150","45","2016","1,2,3,4","2","12+","Unplayable in another language","","","","","","standalone","","","","","","","","","","","","","","",""
"Fall of Rome","260428","0","0","0","1","0","0","0","0","0","0","0","3","","","","","","123203475","7.0434","7.61094","2.4658","436","12518","thing","Fall of Rome","1","5","60","60","45","2018","1,2,3,4,5","3","10+","Moderate in-game text - needs crib sheet or paste ups","","","","","","standalone","","","","","","","","","","","","","","",""
"La Famiglia: The Great Mafia War","367517","0","0","0","1","0","0","0","0","0","0","0","3","","","","","","120344112","6.33046","7.99915","3.977","1665","1999","thing","La Famiglia: The Great Mafia War","4","4","180","180","120","2023","4","4","14+","Some necessary text - easily memorized or small crib sheet","","","","","","standalone","","","","","","","","","","","","","","",""
"Five Tribes: The Djinns of Naqala","157354","8","0","0","1","0","0","0","0","0","0","0","3","","","","","","112726067","7.6175","7.77006","2.8402","85","56790","thing","Five Tribes: The Djinns of Naqala","2","4","80","80","40","2014","2,3,4","2","12+","No necessary in-game text","","","","","","standalone","","","","","","","","","","","","","","",""
"Five Tribes: Whims of the Sultan","226828","0","0","0","1","0","0","0","0","0","0","0","3","","","","","","119154309","6.54156","7.96875","2.8696","0","8485","thing","Five Tribes: Whims of the Sultan","2","5","90","90","40","2017","2,3,4","2,3","12+","No necessary in-game text","","","","","","expansion","","","","","","","","","","","","","","",""
"Flick 'em Up!","169124","0","0","0","1","0","0","0","0","0","0","0","3","","","","","","112726864","6.57181","6.85115","1.3366","1099","16535","thing","Flick 'em Up!","2","10","45","45","30","2015","2,3,4,5,6","2,4","6+","No necessary in-game text","","","","","","standalone","","","","","","","","","","","","","","",""
"Forbidden Desert","136063","0","0","0","1","0","0","0","0","0","0","0","3","","","","","","112760138","6.92448","7.0689","2.0372","566","56368","thing","Forbidden Desert","2","5","45","45","45","2013","1,2,3,4,5","4","8+","Some necessary text - easily memorized or small crib sheet","","","","","","standalone","","","","","","","","","","","","","","",""
"Forgotten Waters","302723","0","0","0","1","0","0","0","0","0","0","0","3","","","","","","112726289","7.17204","7.79196","2.0945","315","14898","thing","Forgotten Waters","3","7","240","240","120","2020","2,3,4,5,6,7","5","12+","Extensive use of text - massive conversion needed to be playable","","","","","","standalone","","","","","","","","","","","","","","",""
"Formula D","37904","0","0","0","1","0","0","0","0","0","0","0","3","","","","","","112726553","6.80188","6.99417","1.9672","714","27505","thing","Formula D","2","10","60","60","60","2008","3,4,5,6,7,8,9,10","5,6,7,8","8+","No necessary in-game text","","","","","","standalone","","","","","","","","","","","","","","",""
"Foxy","359318","0","0","0","1","0","0","0","0","0","0","0","3","","","","","","113241990","5.72063","7.12828","1","5581","835","thing","Foxy","1","5","15","15","15","2022","1,2,3,4,5","2,3,4,5","8+","No necessary in-game text","","","","","","standalone","","","","","","","","","","","","","","",""
"Gaïa","163920","0","0","0","1","0","0","0","0","0","0","0","3","","","","","","112757382","5.7921","6.18551","1.9322","4615","2808","thing","Gaïa","2","5","30","30","30","2014","2,3,4","4","8+","No necessary in-game text","","","","","","standalone","","","","","","","","","","","","","","",""
"Galaxy Trucker (Second Edition)","336794","0","0","0","1","0","0","0","0","0","0","0","3","","","","","","112726549","6.87481","7.44141","2.2981","627","13037","thing","Galaxy Trucker (Second Edition)","2","4","30","30","20","2021","2,3,4","3,4","8+","Some necessary text - easily memorized or small crib sheet","","","","","","standalone","","","","","","","","","","","","","","",""
"A Game of Thrones: The Board Game (Second Edition)","103343","0","0","0","1","0","0","0","0","0","0","0","3","","","","","","112726174","7.31164","7.53308","3.7301","225","50331","thing","A Game of Thrones: The Board Game (Second Edition)","3","6","240","240","120","2011","4,5,6","6","14+","Some necessary text - easily memorized or small crib sheet","","","","","","standalone","","","","","","","","","","","","","","",""
"Great Western Trail: Second Edition","341169","0","0","0","1","0","0","0","0","0","0","0","3","","","","","","123203454","7.90629","8.30289","3.7156","27","21781","thing","Great Western Trail: Second Edition","1","4","150","150","75","2021","1,2,3,4","3","12+","No necessary in-game text","","","","","","standalone","","","","","","","","","","","","","","",""
"The Grimm Forest","212402","0","0","0","1","0","0","0","0","0","0","0","3","","","","","","112726788","6.58508","7.07111","1.9281","1071","11995","thing","The Grimm Forest","2","4","60","60","45","2018","3,4","4","8+","Moderate in-game text - needs crib sheet or paste ups","","","","","","standalone","","","","","","","","","","","","","","",""
"Hacktivity","342805","7","3","0","1","0","0","0","0","0","0","0","3","","","","","","120344234","5.56874","8.1436","2.5","10709","160","thing","Hacktivity","1","4","60","60","40","2024","1,2,3,4","1","","","","","","","","standalone","","","","","","","","","","","","","","",""
"Hanabi","98778","0","0","0","1","0","0","0","0","0","0","0","3","","","","","","112726467","6.93088","7.03575","1.6887","555","85378","thing","Hanabi","2","5","25","25","25","2010","2,3,4,5","4","10+","No necessary in-game text","","","","","","standalone","","","","","","","","","","","","","","",""
"Hanamikoji","158600","0","0","0","1","0","0","0","0","0","0","0","3","","","","","","116155815","7.23673","7.46927","1.6809","265","32378","thing","Hanamikoji","2","2","15","15","15","2013","2","2","8+","No necessary in-game text","","","","","","standalone","","","","","","","","","","","","","","",""
"Happy City","319793","6.9","0","0","1","0","0","0","0","0","0","0","3","","Fun and super quick game. Not hard to learn and easy setup.","","","","112728252","6.04356","6.58299","1.2542","2790","4245","thing","Happy City","2","5","30","30","20","2021","2,3,4,5","3,4","8+","Some necessary text - easily memorized or small crib sheet","","","","","","standalone","","","","","","","","","","","","","","",""
"Happy Pigs","156138","7","0","0","1","0","0","0","0","0","0","0","3","","","","","","112759952","6.06854","6.78195","2.3043","2666","2774","thing","Happy Pigs","2","6","45","45","30","2013","3,4,5,6","4","8+","Some necessary text - easily memorized or small crib sheet","","","","","","standalone","","","","","","","","","","","","","","",""
"Harmonies","414317","9.2","0","0","1","0","0","0","0","0","0","0","3","","","","","","124360432","7.58286","8.0249","2.0073","95","22913","thing","Harmonies","1","4","45","45","30","2024","1,2,3,4","2,3","8+","No necessary in-game text","","","","","","standalone","","","","","","","","","","","","","","",""
"Heat: Pedal to the Metal","366013","0","0","0","1","0","0","0","0","0","0","0","3","","","","","","117670790","7.79868","8.03004","2.1884","41","44819","thing","Heat: Pedal to the Metal","1","6","60","60","30","2022","1,2,3,4,5,6","5,6","8+","No necessary in-game text","","","","","","standalone","","","","","","","","","","","","","","",""
"Histrio","182120","0","0","0","1","0","0","0","0","0","0","0","3","","","","","","112760269","5.86961","6.55325","2.1071","3883","2629","thing","Histrio","2","5","40","40","40","2016","3,4,5","3,4","8+","Moderate in-game text - needs crib sheet or paste ups","","","","","","standalone","","","","","","","","","","","","","","",""
"Hit Z Road","176083","0","0","0","1","0","0","0","0","0","0","0","3","","","","","","112727260","6.31785","6.76458","1.8476","1697","8111","thing","Hit Z Road","1","4","60","60","30","2016","1,2,3,4","4","10+","Some necessary text - easily memorized or small crib sheet","","","","","","standalone","","","","","","","","","","","","","","",""
"Honey Buzz","284742","7.8","0","0","1","0","0","0","0","0","0","0","3","","","","","","113243052","7.02733","7.53792","2.725","444","16946","thing","Honey Buzz","1","4","90","90","45","2020","1,2,3,4","3","10+","Some necessary text - easily memorized or small crib sheet","","","","","","standalone","","","","","","","","","","","","","","",""
"Imaginarium","218804","0","0","0","1","0","0","0","0","0","0","0","3","","","","","","112727576","6.26343","7.133","2.8947","1862","3851","thing","Imaginarium","2","5","90","90","90","2018","2,3,4","3,4","12+","No necessary in-game text","","","","","","standalone","","","","","","","","","","","","","","",""
"Incan Gold","15512","0","0","0","1","0","0","0","0","0","0","0","3","","","","","","112760330","6.70419","6.84202","1.1112","868","29962","thing","Incan Gold","3","8","30","30","30","2005","3,4,5,6,7,8","6,7,8","6+","No necessary in-game text","","","","","","standalone","","","","","","","","","","","","","","",""
"Incubation","254427","7","0","0","1","0","0","0","0","0","0","0","3","","My kids love that game.","","","","112759962","5.55363","6.23409","1.1429","11997","537","thing","Incubation","2","5","40","40","30","2019","2,3","3","6+","No necessary in-game text","","","","","","standalone","","","","","","","","","","","","","","",""
"Inkognito","466","0","0","0","1","0","0","0","0","0","0","0","3","","","","","","112760046","6.15798","6.60848","2.1616","2262","7004","thing","Inkognito","3","5","90","90","90","1988","4","4","10+","Some necessary text - easily memorized or small crib sheet","","","","","","standalone","","","","","","","","","","","","","","",""
"ISS Vanguard","325494","0","0","0","1","0","0","0","0","0","0","0","3","","","","","","120376326","7.4225","8.48766","3.6678","158","14958","thing","ISS Vanguard","1","4","120","120","90","2022","1,2,3,4","1,2","12+","Unplayable in another language","","","","","","standalone","","","","","","","","","","","","","","",""
"Istanbul: Big Box","251219","0","0","0","1","0","0","0","0","0","0","0","3","","","","","","120344175","7.13833","8.00924","2.4906","0","11774","thing","Istanbul: Big Box","2","5","90","90","40","2018","2,3,4,5","4","10+","Some necessary text - easily memorized or small crib sheet","","","","","","standalone","","","","","","","","","","","","","","",""
"Jaipur","54043","7.9","0","0","1","0","0","0","0","0","0","0","3","","Good and quick game and super easy to learn.","","","","112726168","7.36871","7.48477","1.4642","196","87443","thing","Jaipur","2","2","30","30","30","2009","2","2","8+","No necessary in-game text","","","","","","standalone","","","","","","","","","","","","","","",""
"Jamaica","28023","7","0","0","1","0","0","0","0","0","0","0","3","","","","","","112726488","6.87905","7.06142","1.6596","623","30819","thing","Jamaica","2","6","60","60","30","2007","3,4,5,6","6","8+","No necessary in-game text","","","","","","standalone","","","","","","","","","","","","","","",""
"King of Tokyo","70323","6.8","0","0","1","0","0","0","0","0","0","0","3","","fun game that almost everything is pure luck and small strategy","","","","112726411","7.02225","7.12547","1.4866","449","106815","thing","King of Tokyo","2","6","30","30","30","2011","3,4,5,6","4,5","6+","Moderate in-game text - needs crib sheet or paste ups","","","","","","standalone","","","","","","","","","","","","","","",""
"Kingdomino","204583","7.5","0","0","1","0","0","0","0","0","0","0","3","","","","","","112726284","7.1814","7.29948","1.2315","304","84992","thing","Kingdomino","2","4","25","25","15","2016","2,3,4","2,4","6+","No necessary in-game text","","","","","","standalone","","","","","","","","","","","","","","",""
"Kingdomino Duel","281960","7.5","1","0","1","0","0","0","0","0","0","0","3","","","","","","123203409","6.1145","6.69888","1.5263","2450","6048","thing","Kingdomino Duel","2","2","20","20","20","2019","2","2","8+","No necessary in-game text","","","","","","standalone","","","","","","","","","","","","","","",""
"Kingdomino Origins","340041","0","0","0","1","0","0","0","0","0","0","0","3","","","","","","122105745","6.56627","7.48405","1.9032","1108","6308","thing","Kingdomino Origins","2","4","40","40","20","2021","2,3,4","2,4","8+","No necessary in-game text","","","","","","standalone","","","","","","","","","","","","","","",""
"Kingdomino: Age of Giants","240909","0","0","0","1","0","0","0","0","0","0","0","3","","","","","","112751597","6.43565","7.17282","1.6591","0","11454","thing","Kingdomino: Age of Giants","2","5","20","20","15","2018","2,3,4,5","5","8+","No necessary in-game text","","","","","","expansion","","","","","","","","","","","","","","",""
"Korrigans","155802","0","0","0","1","0","0","0","0","0","0","0","3","","","","","","112759969","5.6072","6.26782","1.5882","8482","912","thing","Korrigans","2","5","45","45","45","2014","2,3,4,5","4","4+","No necessary in-game text","","","","","","standalone","","","","","","","","","","","","","","",""
"Kronologic: Paris 1920","402111","0","0","0","1","0","0","0","0","0","0","0","3","","","","","","120344256","6.01777","7.52625","2.2069","2912","2350","thing","Kronologic: Paris 1920","1","4","30","30","30","2024","1,2,3,4","1,3","12+","No necessary in-game text","","","","","","standalone","","","","","","","","","","","","","","",""
"Labyrinth","1219","6.5","0","0","1","0","0","0","0","0","0","0","3","","","","","","112727641","6.23572","6.40982","1.3397","1959","31157","thing","Labyrinth","2","4","20","20","20","1986","2,3,4","4","6+","No necessary in-game text","","","","","","standalone","","","","","","","","","","","","","","",""
"Legends of Andor","127398","7.5","0","0","1","0","0","0","0","0","0","0","3","","","","","","112726477","6.87547","7.09969","2.7638","625","35373","thing","Legends of Andor","2","4","90","90","60","2012","1,2,3,4","4","10+","Extensive use of text - massive conversion needed to be playable","","","","","","standalone","","","","","","","","","","","","","","",""
"Living Forest","328479","7.5","0","0","1","0","0","0","0","0","0","0","3","","","","","","112726640","6.79576","7.25594","2.2168","723","11647","thing","Living Forest","1","4","40","40","40","2021","2,3,4","3","10+","No necessary in-game text","","","","","","standalone","","","","","","","","","","","","","","",""
"Lost Ruins of Arnak","312484","0","1","0","1","0","0","0","0","0","0","0","1","","","","","","120344069","7.89591","8.06833","2.9257","29","74262","thing","Lost Ruins of Arnak","1","4","120","120","30","2020","1,2,3,4","3","10+","Moderate in-game text - needs crib sheet or paste ups","","","","","","standalone","","","","","","","","","","","","","","",""
"Lost Ruins of Arnak: Expedition Leaders","341254","0","0","0","1","0","0","0","0","0","0","0","3","","","","","","123203495","7.94339","8.69349","3.1183","0","29399","thing","Lost Ruins of Arnak: Expedition Leaders","1","4","120","120","30","2021","1,2,3,4","3","12+","Moderate in-game text - needs crib sheet or paste ups","","","","","","expansion","","","","","","","","","","","","","","",""
"Magic Maze","209778","0","0","0","1","0","0","0","0","0","0","0","3","","","","","","112726559","6.7876","6.9474","1.7526","738","35780","thing","Magic Maze","1","8","15","15","15","2017","2,3,4,5,6","4","8+","No necessary in-game text","","","","","","standalone","","","","","","","","","","","","","","",""
"The Mandalorian: Adventures","420077","0","0","0","1","0","0","0","0","0","0","0","3","","","","","","123203436","6.08892","7.58849","2.2759","2570","3010","thing","The Mandalorian: Adventures","1","4","60","60","30","2024","1,2,3","2","8+","Extensive use of text - massive conversion needed to be playable","","","","","","standalone","","","","","","","","","","","","","","",""
"Maracaibo","276025","0","0","0","1","0","0","0","0","0","0","0","3","","","","","","123203421","7.6725","7.9846","3.9153","71","23730","thing","Maracaibo","1","4","120","120","30","2019","1,2,3,4","3","14+","Some necessary text - easily memorized or small crib sheet","","","","","","standalone","","","","","","","","","","","","","","",""
"Mascarade","139030","0","0","0","1","0","0","0","0","0","0","0","3","","","","","","112727156","6.34145","6.55896","1.5257","1639","17411","thing","Mascarade","2","13","30","30","30","2013","4,5,6,7,8,9,10,11","6,7,8","10+","No necessary in-game text","","","","","","standalone","","","","","","","","","","","","","","",""
"Medieval Academy","154386","6.5","0","0","1","0","0","0","0","0","0","0","3","","","","","","112759993","6.43075","6.93336","1.8125","1408","5774","thing","Medieval Academy","2","5","30","30","30","2014","3,4,5","4,5","8+","No necessary in-game text","","","","","","standalone","","","","","","","","","","","","","","",""
"Memoarrr!","230383","0","0","0","1","0","0","0","0","0","0","0","3","","","","","","113241988","6.21657","6.88639","1.2083","2034","4796","thing","Memoarrr!","2","4","20","20","10","2017","2,3,4","4","6+","No necessary in-game text","","","","","","standalone","","","","","","","","","","","","","","",""
"Memoir '44","10630","0","0","0","1","0","0","0","0","0","0","0","3","","","","","","112726170","7.3378","7.53192","2.2736","207","41506","thing","Memoir '44","2","8","60","60","30","2004","2","2","8+","Moderate in-game text - needs crib sheet or paste ups","","","","","","standalone","","","","","","","","","","","","","","",""
"Merchants Cove","277700","0","0","0","1","0","0","0","0","0","0","0","3","","","","","","120344091","6.67497","7.44204","2.713","915","8184","thing","Merchants Cove","1","4","90","90","60","2021","1,2,3,4","3","10+","No necessary in-game text","","","","","","standalone","","","","","","","","","","","","","","",""
"Mexica","2955","0","0","0","1","0","0","0","0","0","0","0","3","","","","","","112760278","6.75599","7.24073","2.6797","782","9609","thing","Mexica","2","4","90","90","90","2002","2,3,4","4","10+","No necessary in-game text","","","","","","standalone","","","","","","","","","","","","","","",""
"MicroMacro: Crime City","318977","8","2","0","1","0","0","0","0","0","0","0","1","","","","","","120500562","7.23146","7.47909","1.1044","268","34376","thing","MicroMacro: Crime City","1","4","45","45","15","2020","1,2,3","2","8+","Moderate in-game text - needs crib sheet or paste ups","","","","","","standalone","","","","","","","","","","","","","","",""
"Mindbug: First Contact","345584","0","0","0","1","0","0","0","0","0","0","0","3","","","","","","120344209","7.08549","7.64425","1.9433","390","15448","thing","Mindbug: First Contact","2","2","25","25","15","2022","2","2","8+","Moderate in-game text - needs crib sheet or paste ups","","","","","","standalone","","","","","","","","","","","","","","",""
"Moon River","378001","0","0","0","1","0","0","0","0","0","0","0","3","","","","","","113242046","5.77655","6.61059","2.087","4805","1039","thing","Moon River","2","4","45","45","45","2023","2,3,4","2,3","8+","No necessary in-game text","","","","","","standalone","","","","","","","","","","","","","","",""
"Mountains of Madness","214293","0","0","0","1","0","0","0","0","0","0","0","3","","","","","","119154361","6.07178","6.50046","2.0714","2644","6748","thing","Mountains of Madness","3","5","90","90","60","2017","3,4,5","4,5","10+","Moderate in-game text - needs crib sheet or paste ups","","","","","","standalone","","","","","","","","","","","","","","",""
"Mr. Jack","21763","7","0","0","1","0","0","0","0","0","0","0","3","","","","","","112726566","6.78101","6.96943","2.17","744","24472","thing","Mr. Jack","2","2","30","30","30","2006","2","2","10+","No necessary in-game text","","","","","","standalone","","","","","","","","","","","","","","",""
"Museum Heist","220541","6.8","0","0","1","0","0","0","0","0","0","0","3","",".","","","","112760258","5.53031","6.18518","0","15450","286","thing","Museum Heist","2","4","20","20","20","2017","","","","","","","","","","standalone","","","","","","","","","","","","","","",""
"My First Stone Age","191004","4.5","0","0","1","0","0","0","0","0","0","0","3","","","","","","118251169","6.10852","6.62508","1.1304","2477","5972","thing","My First Stone Age","2","4","15","15","15","2016","2,3,4","3,4","4–10","No necessary in-game text","","","","","","standalone","","","","","","","","","","","","","","",""
"My Village","172381","0","0","0","1","0","0","0","0","0","0","0","3","","","","","","112760240","6.30194","6.92599","3.0865","1745","5528","thing","My Village","2","4","90","90","60","2015","2,3","2","10+","No necessary in-game text","","","","","","standalone","","","","","","","","","","","","","","",""
"The Mysterious Forest","204592","0","0","0","1","0","0","0","0","0","0","0","3","","","","","","112760126","5.56607","5.87562","1.1818","10917","1373","thing","The Mysterious Forest","2","4","25","25","10","2016","1,2,3,4","2,3","4–10","No necessary in-game text","","","","","","standalone","","","","","","","","","","","","","","",""
"Mysterium","181304","0","0","0","1","0","0","0","0","0","0","0","3","","","","","","112726352","7.06508","7.20593","1.8933","414","77549","thing","Mysterium","2","7","42","42","42","2015","3,4,5,6,7","5,6","8+","No necessary in-game text","","","","","","standalone","","","","","","","","","","","","","","",""
"Mystery Express","65907","0","0","0","1","0","0","0","0","0","0","0","3","","","","","","112728064","6.0581","6.5532","2.6579","2716","3784","thing","Mystery Express","3","5","90","90","60","2010","3,4,5","5","12+","Some necessary text - easily memorized or small crib sheet","","","","","","standalone","","","","","","","","","","","","","","",""
"Nemesis: Lockdown","310100","0","0","0","1","0","0","0","0","0","0","0","3","","","","","","120344119","7.49046","8.30228","3.8943","135","17155","thing","Nemesis: Lockdown","1","5","180","180","90","2022","1,2,3,4,5","4","14+","Extensive use of text - massive conversion needed to be playable","","","","","","standalone","","","","","","","","","","","","","","",""
"New York Zoo","300877","0","0","0","1","0","0","0","0","0","0","0","3","","","","","","113241878","6.71165","7.03544","1.9552","857","17250","thing","New York Zoo","1","5","60","60","30","2020","1,2,3,4","3","8+","No necessary in-game text","","","","","","standalone","","","","","","","","","","","","","","",""
"Noch mal!: Kids","320677","0","1","0","1","0","0","0","0","0","0","0","3","","","","","","120674844","5.56317","6.49","1","11151","519","thing","Noch mal!: Kids","2","4","15","15","15","2020","2,3,4","2,3","4–8","No necessary in-game text","","","","","","standalone","","","","","","","","","","","","","","",""
"Obscurio","273477","0","0","0","1","0","0","0","0","0","0","0","3","","","","","","112726927","6.50904","7.09353","1.8947","1230","9614","thing","Obscurio","2","8","40","40","40","2019","4,5,6,7,8","5,6,7,8","8+","No necessary in-game text","","","","","","standalone","","","","","","","","","","","","","","",""
"Pandemic","30549","8","0","0","1","0","0","0","0","0","0","0","3","","I had so mutch fun with my friend on that game. Take us couple of game to finaly beat it.","","","","112726159","7.4202","7.52731","2.3973","160","212972","thing","Pandemic","2","4","45","45","45","2008","1,2,3,4","4","10+","Some necessary text - easily memorized or small crib sheet","","","","","","standalone","","","","","","","","","","","","","","",""
"Pandemic Legacy: Season 0","314040","0","0","0","1","0","0","0","0","0","0","0","3","","","","","","112726014","7.74914","8.37476","3.1636","51","18968","thing","Pandemic Legacy: Season 0","2","4","60","60","45","2020","2,3,4","4","12+","Extensive use of text - massive conversion needed to be playable","","","","","","standalone","","","","","","","","","","","","","","",""
"Pandemic Legacy: Season 1","161936","0","0","0","1","0","0","0","0","0","0","0","3","","","","","","112726026","8.36816","8.51947","2.83","2","86141","thing","Pandemic Legacy: Season 1","2","4","60","60","60","2015","2,3,4","4","12+","Extensive use of text - massive conversion needed to be playable","","","","","","standalone","","","","","","","","","","","","","","",""
"Pandemic Legacy: Season 2","221107","0","0","0","1","0","0","0","0","0","0","0","3","","","","","","112726041","7.71106","8.0252","3.2538","62","33556","thing","Pandemic Legacy: Season 2","2","4","60","60","60","2017","2,3,4","4","12+","Unplayable in another language","","","","","","standalone","","","","","","","","","","","","","","",""
"Parade","56692","0","0","0","1","0","0","0","0","0","0","0","3","","","","","","112726718","6.66857","7.00432","1.462","931","12372","thing","Parade","2","6","45","45","45","2007","2,3,4,5,6","4","8+","No necessary in-game text","","","","","","standalone","","","","","","","","","","","","","","",""
"Photosynthesis","218603","7.5","0","0","1","0","0","0","0","0","0","0","3","","","","","","112726546","6.79308","6.95501","2.2565","730","41038","thing","Photosynthesis","2","4","60","60","30","2017","2,3,4","3","10+","No necessary in-game text","","","","","","standalone","","","","","","","","","","","","","","",""
"Pirate's Cove","2987","0","0","0","1","0","0","0","0","0","0","0","3","","","","","","112760162","6.29016","6.55671","2.005","1784","11036","thing","Pirate's Cove","3","5","90","90","60","2002","3,4,5","5","8+","Moderate in-game text - needs crib sheet or paste ups","","","","","","standalone","","","","","","","","","","","","","","",""
"Pixies","411875","0","0","0","1","0","0","0","0","0","0","0","3","","","","","","123203457","6.25945","7.07202","1.1449","1883","4438","thing","Pixies","2","5","30","30","30","2024","2,3,4","2","8+","No necessary in-game text","","","","","","standalone","","","","","","","","","","","","","","",""
"Prehistories","318183","7","0","0","1","0","0","0","0","0","0","0","3","","","","","","112729638","5.86085","6.92144","1.8636","3953","2125","thing","Prehistories","2","5","30","30","30","2020","2,3,4,5","3,4","8+","No necessary in-game text","","","","","","standalone","","","","","","","","","","","","","","",""
"Privé de sens","136038","0","0","0","1","0","0","0","0","0","0","0","3","","","","","","112760109","0","5.57143","0","0","48","thing","Privé de sens","4","0","35","35","35","2012","","","","","","","","","","standalone","","","","","","","","","","","","","","",""
"Quadropolis","176396","0","0","0","1","0","0","0","0","0","0","0","3","","","","","","112726418","6.95255","7.22032","2.1971","534","18435","thing","Quadropolis","2","4","60","60","30","2016","2,3,4","4","8+","No necessary in-game text","","","","","","standalone","","","","","","","","","","","","","","",""
"Queendomino","232043","0","0","0","1","0","0","0","0","0","0","0","3","","","","","","112726491","6.8531","7.14848","2.0577","657","22671","thing","Queendomino","2","4","25","25","25","2017","2,3,4","2","8+","No necessary in-game text","","","","","","standalone","","","","","","","","","","","","","","",""
"Race for the Galaxy","28143","0","0","0","1","0","0","0","0","0","0","0","3","","","","","","113241858","7.62568","7.74181","2.9913","83","71288","thing","Race for the Galaxy","2","4","60","60","30","2007","2,3,4","2","12+","Some necessary text - easily memorized or small crib sheet","","","","","","standalone","","","","","","","","","","","","","","",""
"Rats of Wistar","387780","0","0","0","1","0","0","0","0","0","0","0","3","","","","","","123203435","6.57241","7.55115","3.3835","1097","4670","thing","Rats of Wistar","1","4","90","90","90","2023","1,2,3,4","3","12+","No necessary in-game text","","","","","","standalone","","","","","","","","","","","","","","",""
"Reef","244228","0","0","0","1","0","0","0","0","0","0","0","3","","","","","","112726646","6.71684","7.01038","1.8148","851","14716","thing","Reef","2","4","45","45","30","2018","2,3,4","2","8+","No necessary in-game text","","","","","","standalone","","","","","","","","","","","","","","",""
"Relic Runners","144270","5.5","0","0","1","0","0","0","0","0","0","0","3","","","","","","112760211","6.05748","6.58822","2.1089","2718","3961","thing","Relic Runners","2","5","80","80","40","2013","2,3,4,5","3,4","10+","Some necessary text - easily memorized or small crib sheet","","","","","","standalone","","","","","","","","","","","","","","",""
"The Resistance","41114","0","0","0","1","0","0","0","0","0","0","0","3","","","","","","112751346","7.06043","7.20392","1.591","421","66827","thing","The Resistance","5","10","30","30","30","2009","5,6,7,8,9,10","7","12+","No necessary in-game text","","","","","","standalone","","","","","","","","","","","","","","",""
"Revive","332772","0","0","0","1","0","0","0","0","0","0","0","3","","","","","","113241831","7.58563","8.1089","3.435","91","14953","thing","Revive","1","4","120","120","90","2022","1,2,3,4","3","14+","Some necessary text - easily memorized or small crib sheet","","","","","","standalone","","","","","","","","","","","","","","",""
"Revive: Call of the Abyss","385685","0","0","0","1","0","0","0","0","0","0","0","3","","","","","","120344218","6.02686","8.32619","3.2308","0","3253","thing","Revive: Call of the Abyss","1","4","120","120","90","2023","1,2,3,4","3","10+","Some necessary text - easily memorized or small crib sheet","","","","","","expansion","","","","","","","","","","","","","","",""
"Rise of Augustus","137297","6","0","0","1","0","0","0","0","0","0","0","3","","","","","","112726987","6.46341","6.72754","1.6376","1332","10389","thing","Rise of Augustus","2","6","30","30","30","2013","2,3,4,5,6","3,4","8+","No necessary in-game text","","","","","","standalone","","","","","","","","","","","","","","",""
"Risk: The Lord of the Rings","4324","8","0","0","1","0","0","0","0","0","0","0","3","","I know its an old game but i was one of the first game i own in my old days. Plays so many game with my dad and we have create so many different quest and option to enjoys even more that game.","","","","112760150","5.74621","5.93937","2.2697","5174","11060","thing","Risk: The Lord of the Rings","2","4","120","120","120","2002","2,3,4","4","8+","Moderate in-game text - needs crib sheet or paste ups","","","","","","standalone","","","","","","","","","","","","","","",""
"Rivals for Catan","66056","0","0","0","1","0","0","0","0","0","0","0","3","","","","","","112726868","6.57091","6.93808","2.3212","1102","19736","thing","Rivals for Catan","2","2","60","60","45","2010","2","2","10+","Moderate in-game text - needs crib sheet or paste ups","","","","","","standalone","","","","","","","","","","","","","","",""
"The River","257759","0","0","0","1","0","0","0","0","0","0","0","3","","","","","","112759910","6.06329","6.59633","1.9667","2687","4454","thing","The River","2","4","45","45","30","2018","2,3,4","4","8+","No necessary in-game text","","","","","","standalone","","","","","","","","","","","","","","",""
"Room 25","127024","0","0","0","1","0","0","0","0","0","0","0","3","","","","","","112727153","6.37114","6.69264","1.9296","1554","9100","thing","Room 25","1","6","30","30","30","2013","3,4,5,6","4,5,6","10+","Some necessary text - easily memorized or small crib sheet","","","","","","standalone","","","","","","","","","","","","","","",""
"Root","237182","0","0","0","1","0","0","0","0","0","0","0","3","","","","","","112725986","7.88539","8.07166","3.8186","30","88414","thing","Root","2","4","90","90","60","2018","3,4","4","12+","Extensive use of text - massive conversion needed to be playable","","","","","","standalone","","","","","","","","","","","","","","",""
"Saboteur","9220","0","0","0","1","0","0","0","0","0","0","0","3","","","","","","112727064","6.41861","6.54344","1.3191","1441","61265","thing","Saboteur","3","10","30","30","30","2004","5,6,7,8,9,10","7,8","8+","No necessary in-game text","","","","","","standalone","","","","","","","","","","","","","","",""
"Sagrada","199561","8.5","3","0","1","0","0","0","0","0","0","0","3","","","","","","123203419","7.32923","7.47294","1.9187","211","72963","thing","Sagrada","1","4","45","45","30","2017","1,2,3,4","2","8+","Some necessary text - easily memorized or small crib sheet","","","","","","standalone","","","","","","","","","","","","","","",""
"Santa Cruz","118610","4","0","0","1","0","0","0","0","0","0","0","3","","Luck game with small card management.  Dont know if i will play it again..","","","","112760288","5.93662","6.6608","2.1935","3410","1751","thing","Santa Cruz","2","4","45","45","45","2012","2,3,4","3","8+","No necessary in-game text","","","","","","standalone","","","","","","","","","","","","","","",""
"Santorini","194655","0","0","0","1","0","0","0","0","0","0","0","3","","","","","","112726271","7.21165","7.35064","1.727","283","63112","thing","Santorini","2","4","20","20","20","2016","2,3","2","6+","No necessary in-game text","","","","","","standalone","","","","","","","","","","","","","","",""
"Sapiens","169649","0","0","0","1","0","0","0","0","0","0","0","3","","","","","","112757415","5.75645","6.2971","2.6452","5041","1529","thing","Sapiens","2","4","45","45","45","2015","2,3,4","2,3","8+","No necessary in-game text","","","","","","standalone","","","","","","","","","","","","","","",""
"Scattergories","2381","7","0","0","1","0","0","0","0","0","0","0","3","","who dosent like a good laught... That game bring be fun time every time i play","","","","112760172","6.07122","6.28324","1.3585","2647","22968","thing","Scattergories","2","6","30","30","30","1988","2,3,4,5,6","4,5,6","10+","Unplayable in another language","","","","","","standalone","","","","","","","","","","","","","","",""
"Scythe","169786","0","0","0","1","0","0","0","0","0","0","0","3","","","","","","112725958","7.97222","8.12447","3.4519","18","119983","thing","Scythe","1","5","115","115","90","2016","1,2,3,4,5","4","12+","Moderate in-game text - needs crib sheet or paste ups","","","","","","standalone","","","","","","","","","","","","","","",""
"Sea of Clouds","189052","0","0","0","1","0","0","0","0","0","0","0","3","","","","","","112760087","6.08195","6.63721","1.7241","2602","4760","thing","Sea of Clouds","2","4","45","45","45","2016","2,3,4","4","8+","Moderate in-game text - needs crib sheet or paste ups","","","","","","standalone","","","","","","","","","","","","","","",""
"SeaFall","148261","0","0","0","1","0","0","0","0","0","0","0","3","","","","","","119154155","5.85557","6.17359","3.8053","4003","9954","thing","SeaFall","3","5","180","180","120","2016","3,4","4","14+","Extensive use of text - massive conversion needed to be playable","","","","","","standalone","","","","","","","","","","","","","","",""
"Septima","360692","0","0","0","1","0","0","0","0","0","0","0","3","","","","","","113242022","6.52009","7.40031","3.672","1202","7607","thing","Septima","1","4","100","100","50","2023","1,2,3,4","3","14+","Moderate in-game text - needs crib sheet or paste ups","","","","","","standalone","","","","","","","","","","","","","","",""
"Shadows over Camelot","15062","0","0","0","1","0","0","0","0","0","0","0","3","","","","","","112757431","6.93309","7.09943","2.567","550","35118","thing","Shadows over Camelot","3","7","90","90","60","2005","4,5,6,7","5,6,7","10+","Moderate in-game text - needs crib sheet or paste ups","","","","","","standalone","","","","","","","","","","","","","","",""
"Shakespeare","180511","0","0","0","1","0","0","0","0","0","0","0","3","","","","","","112726562","6.76529","7.41088","2.9946","768","5785","thing","Shakespeare","1","4","90","90","20","2015","2,3,4","3","12+","No necessary in-game text","","","","","","standalone","","","","","","","","","","","","","","",""
"Sherlock Holmes Consulting Detective: Jack the Ripper & West End Adventures","204305","0","0","0","1","0","0","0","0","0","0","0","3","","","","","","112726412","6.98298","7.57136","2.2371","489","17592","thing","Sherlock Holmes Consulting Detective: Jack the Ripper & West End Adventures","1","8","120","120","60","2016","1,2,3,4","2","14+","Unplayable in another language","","","","","","standalone","","","","","","","","","","","","","","",""
"Small World","40692","8.3","0","0","1","0","0","0","0","0","0","0","3","","","","","","112726341","7.09685","7.20031","2.3476","380","100230","thing","Small World","2","5","80","80","40","2009","2,3,4,5","4","8+","No necessary in-game text","","","","","","standalone","","","","","","","","","","","","","","",""
"Small World of Warcraft","309630","0","0","0","1","0","0","0","0","0","0","0","3","","","","","","112726876","6.57936","7.28078","2.6667","1078","12123","thing","Small World of Warcraft","2","5","80","80","40","2020","2,3,4,5","4","10+","No necessary in-game text","","","","","","standalone","","","","","","","","","","","","","","",""
"Small World Underground","97786","0","0","0","1","0","0","0","0","0","0","0","3","","","","","","112726473","6.89383","7.22652","2.5906","601","19491","thing","Small World Underground","2","5","90","90","30","2011","2,3,4,5","4","10+","Moderate in-game text - needs crib sheet or paste ups","","","","","","standalone","","","","","","","","","","","","","","",""
"Smash Up","122522","6","0","0","1","0","0","0","0","0","0","0","3","","kind of super long game on my side. Its said 45 minutes of play time but take much much more every time....","","","","112726923","6.52244","6.69877","2.0606","1196","46828","thing","Smash Up","2","4","45","45","45","2012","2,3,4","3","10+","Extensive use of text - massive conversion needed to be playable","","","","","","standalone","","","","","","","","","","","","","","",""
"Snow Time","256438","0","0","0","1","0","0","0","0","0","0","0","3","","","","","","113241973","5.6795","6.47253","1.2857","6332","1437","thing","Snow Time","3","5","40","40","20","2018","3,4,5","4","8+","No necessary in-game text","","","","","","standalone","","","","","","","","","","","","","","",""
"Spirit Island","162886","0","0","0","1","0","0","0","0","0","0","0","1","","","","","","120344060","8.14111","8.33898","4.0722","10","85894","thing","Spirit Island","1","4","120","120","90","2017","1,2,3,4","2","14+","Extensive use of text - massive conversion needed to be playable","","","","","","standalone","","","","","","","","","","","","","","",""
"Splendor","148228","0","0","0","1","0","0","0","0","0","0","0","3","","","","","","112726258","7.29412","7.4186","1.7791","233","126833","thing","Splendor","2","4","30","30","30","2014","2,3,4","3","8+","No necessary in-game text","","","","","","standalone","","","","","","","","","","","","","","",""
"Star Wars: Rebellion","187645","0","0","0","1","0","0","0","0","0","0","0","3","","","","","","117670728","8.16798","8.41816","3.742","9","53406","thing","Star Wars: Rebellion","2","4","240","240","180","2016","2","2","12+","Extensive use of text - massive conversion needed to be playable","","","","","","standalone","","","","","","","","","","","","","","",""
"Star Wars: Unlimited","387866","9.5","9","0","1","0","0","0","0","0","0","0","3","","First TCG that i realy enjoys. Im able to play with my kids, wife and friend. They all like the theme and all the strategic that we could do with the ground, space and leader.","","","","120959075","6.76926","8.11523","2.3519","762","4186","thing","Star Wars: Unlimited","2","4","20","20","20","2024","2,3,4","2","10+","Moderate in-game text - needs crib sheet or paste ups","","","","","","standalone","","","","","","","","","","","","","","",""
"Star Wars: Unlock!","312267","0","0","0","1","0","0","0","0","0","0","0","3","","","","","","112727073","6.41511","7.05043","1.8936","1449","8264","thing","Star Wars: Unlock!","1","6","60","60","60","2020","1,2,3","2","10+","Extensive use of text - massive conversion needed to be playable","","","","","","standalone","","","","","","","","","","","","","","",""
"Stella: Dixit Universe","329845","0","0","0","1","0","0","0","0","0","0","0","3","","","","","","112726926","6.64216","7.29985","1.1279","979","7936","thing","Stella: Dixit Universe","3","6","30","30","30","2021","3,4,5,6","5,6","6+","Some necessary text - easily memorized or small crib sheet","","","","","","standalone","","","","","","","","","","","","","","",""
"Stratego","1917","0","0","0","1","0","0","0","0","0","0","0","3","","","","","","112728410","6.00364","6.14724","1.8443","2990","30827","thing","Stratego","2","2","45","45","45","1946","2","2","8+","No necessary in-game text","","","","","","standalone","","","","","","","","","","","","","","",""
"Stuffed Fables","233312","0","0","0","1","0","0","0","0","0","0","0","3","","","","","","112760299","6.94126","7.43608","2.4663","545","21495","thing","Stuffed Fables","2","4","90","90","60","2018","1,2,3,4","4","8+","Extensive use of text - massive conversion needed to be playable","","","","","","standalone","","","","","","","","","","","","","","",""
"Stuffed Fables: Oh, Brother!","326199","0","0","0","1","0","0","0","0","0","0","0","3","","","","","","112760301","5.73132","7.86682","2.5714","0","2796","thing","Stuffed Fables: Oh, Brother!","2","4","90","90","60","2021","1,2,3,4","2,4","6+","Extensive use of text - massive conversion needed to be playable","","","","","","expansion","","","","","","","","","","","","","","",""
"Sylvion","143405","0","0","0","1","0","0","0","0","0","0","0","3","","","","","","112727069","6.39278","7.03887","2.0678","1506","7830","thing","Sylvion","1","2","30","30","30","2015","1,2","1","10+","No necessary in-game text","","","","","","standalone","","","","","","","","","","","","","","",""
"Tainted Grail: The Fall of Avalon","264220","0","0","0","1","0","0","0","0","0","0","0","3","","","","","","123203449","7.52715","8.06512","3.3625","117","26525","thing","Tainted Grail: The Fall of Avalon","1","4","120","120","60","2019","1,2,3","1,2","14+","Unplayable in another language","","","","","","standalone","","","","","","","","","","","","","","",""
"Takenoko","70919","7.8","0","0","1","0","0","0","0","0","0","0","3","","","","","","112726355","7.06892","7.20566","1.9753","410","73837","thing","Takenoko","2","4","45","45","45","2011","2,3,4","3","8+","No necessary in-game text","","","","","","standalone","","","","","","","","","","","","","","",""
"Terraforming Mars","167791","8.3","2","0","1","0","0","0","0","0","0","0","3","","","","","","112725930","8.20321","8.35116","3.2666","7","146813","thing","Terraforming Mars","1","5","120","120","120","2016","1,2,3,4","3","12+","Extensive use of text - massive conversion needed to be playable","","","","","","standalone","","","","","","","","","","","","","","",""
"Terraforming Mars: Ares Expedition","328871","0","0","0","1","0","0","0","0","0","0","0","3","","","","","","112751500","7.38278","7.65247","2.9175","184","36667","thing","Terraforming Mars: Ares Expedition","1","4","60","60","45","2021","1,2,3,4","3","12+","Moderate in-game text - needs crib sheet or paste ups","","","","","","standalone","","","","","","","","","","","","","","",""
"Terraforming Mars: Colonies","255681","0","0","0","1","0","0","0","0","0","0","0","3","","","","","","112760191","7.47991","8.10503","3.0103","0","29785","thing","Terraforming Mars: Colonies","1","5","120","120","120","2018","1,2,3,4,5","3","12+","Extensive use of text - massive conversion needed to be playable","","","","","","expansion","","","","","","","","","","","","","","",""
"Terraforming Mars: The Dice Game","296108","8.5","5","0","1","0","0","0","0","0","0","0","3","","","","","","113242003","6.5439","7.32608","2.3846","1155","8010","thing","Terraforming Mars: The Dice Game","1","4","45","0","45","2023","1,2,3,4","2","10+","Some necessary text - easily memorized or small crib sheet","","","","","","standalone","","","","","","","","","","","","","","",""
"Therapy","4355","0","0","0","1","0","0","0","0","0","0","0","3","","","","","","112760105","5.44576","5.36518","1.4107","27542","1833","thing","Therapy","3","6","90","90","90","1986","3,4,5,6","4,5","12+","Extensive use of text - massive conversion needed to be playable","","","","","","standalone","","","","","","","","","","","","","","",""
"Through the Ages: A New Story of Civilization","182028","0","0","0","1","0","0","0","0","0","0","0","1","","","","","","120344065","8.03848","8.26909","4.4367","15","38207","thing","Through the Ages: A New Story of Civilization","2","4","120","120","120","2015","2,3,4","3","14+","Extensive use of text - massive conversion needed to be playable","","","","","","standalone","","","","","","","","","","","","","","",""
"Ticket to Ride","9209","7.5","0","0","1","0","0","0","0","0","0","0","3","","Easy going game. Dont know what to play and we have new players that have never play board game. Then i start with that easy game to explain.","","","","112726263","7.26974","7.39027","1.8236","246","138240","thing","Ticket to Ride","2","5","60","60","30","2004","2,3,4,5","4","8+","No necessary in-game text","","","","","","standalone","","","","","","","","","","","","","","",""
"Ticket to Ride Legacy: Legends of the West","390092","0","0","0","1","0","0","0","0","0","0","0","3","","","","","","123203446","7.5668","8.68949","2.5579","102","11485","thing","Ticket to Ride Legacy: Legends of the West","2","5","90","90","20","2023","2,3,4,5","4","10+","Moderate in-game text - needs crib sheet or paste ups","","","","","","standalone","","","","","","","","","","","","","","",""
"Ticket to Ride: Europe","14996","0","0","0","1","0","0","0","0","0","0","0","3","","","","","","112726163","7.40129","7.52692","1.9181","173","126329","thing","Ticket to Ride: Europe","2","5","60","60","30","2005","2,3,4,5","4","8+","No necessary in-game text","","","","","","standalone","","","","","","","","","","","","","","",""
"Ticket to Ride: First Journey (U.S.)","205125","0","0","0","1","0","0","0","0","0","0","0","3","","","","","","112727682","6.18851","6.85719","1.4043","2149","7941","thing","Ticket to Ride: First Journey (U.S.)","2","4","30","30","15","2016","2,3,4","3,4","6+","No necessary in-game text","","","","","","standalone","","","","","","","","","","","","","","",""
"Time's Up! Edición Amarilla","38713","0","0","0","1","0","0","0","0","0","0","0","3","","","","","","112727256","6.3793","7.56164","1.0816","1538","3750","thing","Time's Up! Edición Amarilla","4","12","30","30","30","2008","4,6,7,8,9,10,12","6,8","12+","Some necessary text - easily memorized or small crib sheet","","","","","","standalone","","","","","","","","","","","","","","",""
"Timebomb","236217","8.5","0","0","1","0","0","0","0","0","0","0","3","","","","","","112727694","6.22609","7.14771","1.0588","2002","3337","thing","Timebomb","4","8","30","30","1","2016","5,6,7,8","6","10+","No necessary in-game text","","","","","","standalone","","","","","","","","","","","","","","",""
"Tokaido","123540","7","0","0","1","0","0","0","0","0","0","0","3","","When you just want to play something simple with you friend that dosent take 2 hours to plays i choice this game.","","","","112726630","6.75056","6.91802","1.7446","793","40895","thing","Tokaido","2","5","45","45","45","2012","2,3,4,5","4","8+","No necessary in-game text","","","","","","standalone","","","","","","","","","","","","","","",""
"Tokaido Duo","363183","0","0","0","1","0","0","0","0","0","0","0","3","","","","","","120344246","6.20722","7.37986","1.814","2078","4214","thing","Tokaido Duo","2","2","30","30","20","2022","2","2","10+","No necessary in-game text","","","","","","standalone","","","","","","","","","","","","","","",""
"Top Race","932","0","0","0","1","0","0","0","0","0","0","0","3","","","","","","112760116","5.96872","6.75548","1.7479","3193","1695","thing","Top Race","2","6","45","45","45","1996","3,4,5,6","4,6","8+","No necessary in-game text","","","","","","standalone","","","","","","","","","","","","","","",""
"Trickerion: Legends of Illusion","163068","0","0","0","1","0","0","0","0","0","0","0","3","","","","","","120344279","7.53261","7.96963","4.2526","114","16453","thing","Trickerion: Legends of Illusion","2","4","180","180","60","2015","2,3,4","4","14+","Moderate in-game text - needs crib sheet or paste ups","","","","","","standalone","","","","","","","","","","","","","","",""
"Unicorn Fever","245658","0","0","0","1","0","0","0","0","0","0","0","3","","","","","","112727862","6.12856","6.98664","2.3043","2394","4109","thing","Unicorn Fever","2","6","40","40","40","2020","2,3,4,5,6","4","10+","Moderate in-game text - needs crib sheet or paste ups","","","","","","standalone","","","","","","","","","","","","","","",""
"Unlock! Kids: Detective Stories","327056","0","0","0","1","0","0","0","0","0","0","0","3","","","","","","112728097","6.20932","7.69359","1.4667","2066","2683","thing","Unlock! Kids: Detective Stories","1","4","60","60","20","2021","1,2","2","6–10","Some necessary text - easily memorized or small crib sheet","","","","","","standalone","","","","","","","","","","","","","","",""
"Unlock!: Epic Adventures","294612","0","0","0","1","0","0","0","0","0","0","0","3","","","","","","112726780","6.67819","7.68924","2.1579","911","6061","thing","Unlock!: Epic Adventures","1","6","60","60","60","2019","1,2,3,4","2","10+","Unplayable in another language","","","","","","standalone","","","","","","","","","","","","","","",""
"Unlock!: Game Adventures","350636","0","0","0","1","0","0","0","0","0","0","0","3","","","","","","112727591","6.49203","7.92489","2.3125","1262","3850","thing","Unlock!: Game Adventures","1","6","60","60","30","2021","1,2,3,4","2","10+","Unplayable in another language","","","","","","standalone","","","","","","","","","","","","","","",""
"Unlock!: Legendary Adventures","330084","0","0","0","1","0","0","0","0","0","0","0","3","","","","","","112728023","6.20332","7.50489","2.2143","2092","3141","thing","Unlock!: Legendary Adventures","1","6","60","60","60","2021","1,2,3,4","2","12+","Unplayable in another language","","","","","","standalone","","","","","","","","","","","","","","",""
"Unlock!: Mythic Adventures","302425","0","0","0","1","0","0","0","0","0","0","0","3","","","","","","112727058","6.48435","7.67952","2.1667","1279","4686","thing","Unlock!: Mythic Adventures","1","6","60","60","60","2020","1,2,3,4","2","10+","Some necessary text - easily memorized or small crib sheet","","","","","","standalone","","","","","","","","","","","","","","",""
"Unlock!: Timeless Adventures","279613","0","0","0","1","0","0","0","0","0","0","0","3","","","","","","112726636","6.7665","7.74881","2","766","6193","thing","Unlock!: Timeless Adventures","1","6","90","90","60","2019","1,2,3","2","10+","Extensive use of text - massive conversion needed to be playable","","","","","","standalone","","","","","","","","","","","","","","",""
"UNO","2223","0","0","0","1","0","0","0","0","0","0","0","3","","","","","","112751370","5.34368","5.46685","1.1031","27930","64963","thing","UNO","2","10","30","30","30","1971","2,3,4,5,6,7,8","4,5,6","5+","No necessary in-game text","","","","","","standalone","","","","","","","","","","","","","","",""
"La Venise du Nord","129858","0","0","0","1","0","0","0","0","0","0","0","3","","","","","","112760034","5.56108","6.39132","2.7143","11314","354","thing","La Venise du Nord","2","4","60","60","60","2012","2,3,4","3","8+","No necessary in-game text","","","","","","standalone","","","","","","","","","","","","","","",""
"Vikings Gone Wild","187377","0","0","0","1","0","0","0","0","0","0","0","3","","","","","","112726992","6.43305","7.09925","2.2308","1398","6645","thing","Vikings Gone Wild","2","4","90","90","45","2017","2,3,4","3","10+","Moderate in-game text - needs crib sheet or paste ups","","","","","","standalone","","","","","","","","","","","","","","",""
"Village","104006","0","0","0","1","0","0","0","0","0","0","0","3","","","","","","112726256","7.29239","7.48725","3.0608","235","30576","thing","Village","2","4","90","90","60","2011","2,3,4","4","12+","No necessary in-game text","","","","","","standalone","","","","","","","","","","","","","","",""
"Village: Big Box","365056","0","0","0","1","0","0","0","0","0","0","0","3","","","","","","120224921","6.13099","7.80086","3.1818","0","2644","thing","Village: Big Box","1","5","150","150","90","2023","1,2,3,4,5","4","10+","No necessary in-game text","","","","","","standalone","","","","","","","","","","","","","","",""
"Viticulture Essential Edition","183394","0","0","0","1","0","0","0","0","0","0","0","3","","","","","","113241850","7.82528","7.97646","2.8916","40","72281","thing","Viticulture Essential Edition","1","6","90","90","45","2015","1,2,3,4,5","3,4","12+","Moderate in-game text - needs crib sheet or paste ups","","","","","","standalone","","","","","","","","","","","","","","",""
"The Werewolves of Miller's Hollow","25821","0","0","0","1","0","0","0","0","0","0","0","3","","","","","","112727054","6.43183","6.68752","1.3128","1403","22366","thing","The Werewolves of Miller's Hollow","8","18","30","30","30","2001","8,9,10,11,12,13,14,15,16,17,18","10,11,12,13,14,15","10+","No necessary in-game text","","","","","","standalone","","","","","","","","","","","","","","",""
"When I Dream","198454","0","0","0","1","0","0","0","0","0","0","0","3","","","","","","119154356","6.51267","6.93664","1.1932","1219","10712","thing","When I Dream","4","10","40","40","20","2016","4,5,6,7,8,9,10","6","8+","Some necessary text - easily memorized or small crib sheet","","","","","","standalone","","","","","","","","","","","","","","",""
"Wingspan","266192","7","0","0","1","0","0","0","0","0","0","0","3","","","","","","113694323","7.87529","8.0261","2.4697","32","160185","thing","Wingspan","1","5","70","70","40","2019","1,2,3,4","3","10+","Extensive use of text - massive conversion needed to be playable","","","","","","standalone","","","","","","","","","","","","","","",""
"The Witcher: Old World","331106","0","0","0","1","0","0","0","0","0","0","0","3","","","","","","120344096","7.14132","7.94348","2.8687","339","14602","thing","The Witcher: Old World","1","5","150","150","90","2023","1,2,3","2,3","12+","Extensive use of text - massive conversion needed to be playable","","","","","","standalone","","","","","","","","","","","","","","",""
"Yahtzee","2243","0","0","0","1","0","0","0","0","0","0","0","3","","","","","","112760010","5.46395","5.51651","1.176","27164","31904","thing","Yahtzee","2","10","30","30","30","1956","2,3,4,5,6","3,4","6+","No necessary in-game text","","","","","","standalone","","","","","","","","","","","","","","",""
"Yokohama","196340","0","0","0","1","0","0","0","0","0","0","0","3","","","","","","123203438","7.44759","7.80699","3.2917","149","17010","thing","Yokohama","2","4","90","90","90","2016","2,3,4","3","12+","Some necessary text - easily memorized or small crib sheet","","","","","","standalone","","","","","","","","","","","","","","",""
"Zombie Kidz Evolution","256952","7","0","0","1","0","0","0","0","0","0","0","3","","","","","","112726428","6.94959","7.59978","1.375","536","11939","thing","Zombie Kidz Evolution","2","4","15","15","15","2018","2,3,4","3,4","5+","Some necessary text - easily memorized or small crib sheet","","","","","","standalone","","","","","","","","","","","","","","",""
